{
  "version": "4.0.0-quantum-conscious",
  "timestamp": "2025-11-21T02:30:23.232386+00:00",
  "frecuencia_base_hz": 141.7001,
  "precision_decimales": 50,
  "constantes_fundamentales": {
    "zeta_prime_half": -3.9226461392091516,
    "phi": 1.618033988749895,
    "planck_length_m": 1.616255e-35,
    "speed_of_light_m_s": 299792458.0
  },
  "matriz_simbiosis": {
    "coherencia_total": 0.9999999999892332,
    "estado_sistema": "OPERACIONAL ✅",
    "niveles": {
      "python": {
        "tipo": "python",
        "estado": "OPERACIONAL",
        "coherencia": 0.9999999999084821,
        "metadatos": {
          "zeta_prime_half": -3.9226461392091516,
          "error": 9.15179043659009e-12,
          "precision_decimales": 50
        }
      },
      "lean": {
        "tipo": "lean",
        "estado": "OPERACIONAL",
        "coherencia": 1.0,
        "metadatos": {
          "A0": "(0.5+3.9226461392091516j)",
          "Re(A0)": 0.5,
          "Im(A0)": 3.9226461392091516,
          "error_real": 0.0,
          "error_imag": 0.0
        }
      },
      "sage": {
        "tipo": "sage",
        "estado": "OPERACIONAL",
        "coherencia": 1.0,
        "metadatos": {
          "f0_hz": 141.7001,
          "omega0_rad_s": 890.327986345878,
          "periodo_s": 0.007057158040114298
        }
      },
      "sabio": {
        "tipo": "sabio",
        "estado": "OPERACIONAL",
        "coherencia": 1.0,
        "metadatos": {
          "intencion": 1.0,
          "atencion": 1.0,
          "formula": "C = I × A²"
        }
      },
      "cuantico": {
        "tipo": "quantum",
        "estado": "OPERACIONAL",
        "coherencia": 1.0,
        "metadatos": {
          "R_psi_m": 6.458825841929049e-35,
          "E_vac": 5.7462656964849185e+66,
          "escala_planck": 1.616255e-35
        }
      },
      "consciente": {
        "tipo": "consciousness",
        "estado": "OPERACIONAL",
        "coherencia": 1.0,
        "metadatos": {
          "psi_0": "(1+0j)",
          "norma": 1.0,
          "fase": 0.0
        }
      }
    }
  },
  "espectro_resonante": [
    {
      "n": 1,
      "frecuencia_hz": 229.27557800925896,
      "coherencia": 0.8225794709417814,
      "entropia_shannon": 0.16065814427298575,
      "firma_vibracional": "034322cc7405c274",
      "intencion": 0.9090909090909091,
      "atencion": 0.951229424500714,
      "amplitud_re": 0.672620776528632,
      "amplitud_im": 0.6726207765286318
    },
    {
      "n": 2,
      "frecuencia_hz": 370.97567800925896,
      "coherencia": 0.6822756275649848,
      "entropia_shannon": 0.2608486799932174,
      "firma_vibracional": "120ba39ecb77c874",
      "intencion": 0.8333333333333334,
      "atencion": 0.9048374180359595,
      "amplitud_re": 5.540531238732467e-17,
      "amplitud_im": 0.9048374180359595
    },
    {
      "n": 3,
      "frecuencia_hz": 600.2512560185179,
      "coherencia": 0.5698601697551675,
      "entropia_shannon": 0.32046899511368443,
      "firma_vibracional": "4ba0416062c72eff",
      "intencion": 0.7692307692307692,
      "atencion": 0.8607079764250578,
      "amplitud_re": -0.6086124467515094,
      "amplitud_im": 0.6086124467515095
    },
    {
      "n": 4,
      "frecuencia_hz": 971.226934027777,
      "coherencia": 0.4788000328825994,
      "entropia_shannon": 0.35262293101135833,
      "firma_vibracional": "ce5d0e79e2f6d0a7",
      "intencion": 0.7142857142857143,
      "atencion": 0.8187307530779818,
      "amplitud_re": -0.8187307530779818,
      "amplitud_im": 1.0026559961204525e-16
    },
    {
      "n": 5,
      "frecuencia_hz": 1571.4781900462951,
      "coherencia": 0.4043537731417556,
      "entropia_shannon": 0.3661282328117439,
      "firma_vibracional": "d0e34f0ccca5c3f2",
      "intencion": 0.6666666666666666,
      "atencion": 0.7788007830714049,
      "amplitud_re": -0.5506953149031839,
      "amplitud_im": -0.5506953149031837
    },
    {
      "n": 6,
      "frecuencia_hz": 2542.705124074072,
      "coherencia": 0.34300727255876656,
      "entropia_shannon": 0.36701902639556133,
      "firma_vibracional": "20d4bb4c6fa68f00",
      "intencion": 0.625,
      "atencion": 0.7408182206817179,
      "amplitud_re": -1.360860994061855e-16,
      "amplitud_im": -0.7408182206817179
    },
    {
      "n": 7,
      "frecuencia_hz": 4114.183314120367,
      "coherencia": 0.29210900223024083,
      "entropia_shannon": 0.3594775904341169,
      "firma_vibracional": "9a19db14596c697c",
      "intencion": 0.588235294117647,
      "atencion": 0.7046880897187134,
      "amplitud_re": 0.49828972686149636,
      "amplitud_im": -0.4982897268614966
    },
    {
      "n": 8,
      "frecuencia_hz": 6656.88843819444,
      "coherencia": 0.24962720228734536,
      "entropia_shannon": 0.3464293024312016,
      "firma_vibracional": "3d9fe76e523ba75c",
      "intencion": 0.5555555555555556,
      "atencion": 0.6703200460356393,
      "amplitud_re": 0.6703200460356393,
      "amplitud_im": -1.6418105975637044e-16
    }
  ],
  "metricas_globales": {
    "coherencia_total": 0.9999999999892332,
    "n_resonancias": 8,
    "rango_frecuencias_hz": [
      229.27557800925896,
      6656.88843819444
    ]
  }
}